folder_path,category_name,model_sex,style,creator_name,language,content_type,creative_description,test_id
Hentai,Hentai,F,Anime,Seras,EN,NSFW,Generic,
Anime,Anime,F,Anime,Seras,EN,NSFW,Generic,
Solo-Female,Solo-Female,F,Real,Seras,EN,NSFW,Generic,
Ahegao,Ahegao,F,Real,Seras,EN,NSFW,Generic,
Blondie,Blondie,F,Real,Seras,EN,NSFW,Generic,
Blowjob,Blowjob,F,Real,Seras,EN,NSFW,Generic,
Creampie,Creampie,F,Real,Seras,EN,NSFW,Generic,
Cum on Face,Cum on Face,F,Real,Seras,EN,NSFW,Generic,
Cumshot,Cumshot,F,Real,Seras,EN,NSFW,Generic,
Deepthroat,Deepthroat,F,Real,Seras,EN,NSFW,Generic,
Big Boobs,Big Boobs,F,Real,Seras,EN,NSFW,Generic,
Massive Breasts,Big Boobs,F,Anime,Seras,EN,NSFW,Generic,
Rubbing Pussy w Masturbation,Female Masturbation,F,Real,Seras,EN,NSFW,Generic,
Fall Sale - Pedro,General,F,Real,Pedro,EN,NSFW,Fall-Sale,
General-Spanish-Pedro,General,F,Real,Pedro,ES,NSFW,Generic,
Ahegao-Real-seras,Ahegao,F,Real,Seras,EN,NSFW,Generic,
Ahegro-Real-Pedro,Ahegao,F,Real,Pedro,EN,NSFW,Generic,
Blondie-Real-seras,Blondie,F,Real,Seras,EN,NSFW,Generic,
Blowjob-Real-seras,Blowjob,F,Real,Seras,EN,NSFW,Generic,
Cowgirl-Anime-Pedro,Cowgirl,F,Anime,Pedro,EN,NSFW,Generic,
Creampie-Real-seras,Creampie,F,Real,Seras,EN,NSFW,Generic,
Cum on Face-Real-seras,Cum on Face,F,Real,Seras,EN,NSFW,Generic,
Cumshot-Real-seras,Cumshot,F,Real,Seras,EN,NSFW,Generic,
Deepthroat-Real-seras,Deepthroat,F,Real,Seras,EN,NSFW,Generic,
Fall Sale-Real-Pedro,General,F,Real,Pedro,EN,NSFW,Fall-Sale,
General-Anime-Pedro,General,F,Anime,Pedro,EN,NSFW,Generic,
General-Realistic-Pedro,General,F,Real,Pedro,EN,NSFW,Generic,
Handjob-Anime-Pedro,Handjob,F,Anime,Pedro,EN,NSFW,Generic,
Hentai-Anime-Pedro,Hentai,F,Anime,Pedro,EN,NSFW,Generic,
Hentai-anime-seras,Hentai,F,Anime,Seras,EN,NSFW,Generic,
Massive Breasts-Real-seras,Big Boobs,F,Real,Seras,EN,NSFW,Generic,
Masturbation-Anime-Pedro,Female Masturbation,F,Anime,Pedro,EN,NSFW,Generic,
Missionary-Real-Pedro,Missionary,MFT,Real,Pedro,EN,NSFW,Generic,
Rubbing Pussy w Masturbation-Real-seras,Female Masturbation,F,Real,Seras,EN,NSFW,Generic,
Shower-Anime-pedro,Shower,F,Anime,Pedro,EN,NSFW,Generic,
Twerk-Real-Pedro,Twerk,F,Real,Pedro,EN,NSFW,Generic,
